{"cameraMode":{"drawMode":0,"name":"Shaded","section":"Shading Mode"},"sceneLighting":false,"audioPlay":false,"sceneViewState":{"showFog":true,"showMaterialUpdate":true,"showSkybox":false,"showFlares":true,"showImageEffects":true,"showParticleSystems":true},"in2DMode":false,"pivot":{"x":3.8792619705200197,"y":1.714245319366455,"z":93.52772521972656},"rotation":{"x":0.03435243293642998,"y":0.4170254170894623,"z":-0.015773184597492219,"w":0.9081159234046936},"size":0.785211980342865,"orthographic":false}