{"cameraMode":{"drawMode":0,"name":"Shaded","section":"Shading Mode"},"sceneLighting":true,"audioPlay":false,"sceneViewState":{"showFog":true,"showMaterialUpdate":true,"showSkybox":true,"showFlares":true,"showImageEffects":true,"showParticleSystems":true},"in2DMode":false,"pivot":{"x":-17.536361694335939,"y":5.171299934387207,"z":85.67916107177735},"rotation":{"x":0.05374245345592499,"y":0.6292209029197693,"z":-0.04367956146597862,"w":0.7741430401802063},"size":1.695082664489746,"orthographic":false}