{"cameraMode":{"drawMode":0,"name":"Shaded","section":"Shading Mode"},"sceneLighting":false,"audioPlay":false,"sceneViewState":{"showFog":true,"showMaterialUpdate":true,"showSkybox":false,"showFlares":true,"showImageEffects":true,"showParticleSystems":true},"in2DMode":false,"pivot":{"x":2.5819714069366457,"y":1.4547721147537232,"z":92.6888427734375},"rotation":{"x":0.06019791215658188,"y":0.7416099309921265,"z":-0.06715605407953263,"w":0.664750337600708},"size":1.150442123413086,"orthographic":false}